Professor~~Shamim Ahmed, PhD~~88-01776196006~~shamim1174@gmail.com, shamim1174-bmb@sust.edu ~~~~Associate Professor~~Mst Arzuba Akter, PhD~~01731549116~~akhi_bmb@yahoo.com, arzuba-bmb@sust.edu~~~~Associate Professor~~Mohammad Abdullah-Al-Shoeb, PhD~~88-01787501398~~maashoeb-bmb@sust.edu~~~~Associate Professor~~Muhammad Abul Kalam Azad, PhD.~~  +8801302897622~~makazad-bmb@sust.edu, bmbsumon@yahoo.co.uk~~~~Associate Professor~~Zafrul Hasan, PhD~~+88-01706247124~~zafrul-bmb@sust.edu, jafrul05@yahoo.com~~~~Associate Professor~~Ajit Ghosh, PhD~~88-01679436700~~aghosh-bmb@sust.edu ~~~~Assistant Professor~~Dr Mostafa Kamal Masud~~88-01819647634~~masud-bmb@sust.edu, mas.sust@gmail.com, m.masud@uq.edu.au~~~~Assistant Professor~~Md Kawsar Khan~~88-01923159836~~kawsarkhan-bmb@sust.edu, bmbkawsar@gmail.com~~~~Assistant Professor~~H. M. Syfuddin~~ 8801723333287~~syfuddin-bmb@sust.edu, hasan.syfuddin@oncology.ox.ac.uk~~~~Assistant Professor~~Payal Barua~~88-01714248818~~baruapayal-bmb@sust.edu~~~~Assistant Professor~~Khandaker Atkia Fariha~~88-01710655437~~kafb.2312@gmail.com~~~~Assistant Professor~~Dr. Md. Nurshad Ali~~88-01723205092~~nali-bmb@sust.edu; nur_rubd@yahoo.com ~~~~Assistant Professor~~Dr. Shaikh Mirja Nurunnabi~~88-01717-523220~~shaikhmir-bmb@sust.edu,  noor_ru07@yahoo.com.au, ~~~~Assistant Professor~~Md. Waseque Mia~~88-01720183324~~waseq.bmb.cu@gmail.com, waseqbd-bmb@sust.edu~~~~Assistant Professor~~Nayan Chandra Mohanto~~8801737897779~~nmohanto17-bmb@sust.edu~~~~Assistant Professor~~Mohammad Abul Hasnat~~+88-01710525919~~lalon.hasnat@gmail.com~~~~Assistant Professor~~Farjana Islam~~+88-01756693028~~farjana-bmb@sust.edu, farjanaislam308@gmail.com~~~~Assistant Professor~~Tanvir Hossain~~01878603466~~tanvir-bmb@sust.edu, tanvirain@gmail.com~~~~Assistant Professor~~Moshiul Alam Mishu~~ +88-01670625763~~moshiul-bmb@sust.edu, moshiul.alam42@gmail.com ~~~~Assistant Professor~~Abu Ali Ibn Sina~~01711464969~~Ibnsina_shuvo@yahoo.com~~~~